{
  "Update Booking" : {
    "transaction" : "Update Booking",
    "sampleCount" : 1000,
    "errorCount" : 6,
    "errorPct" : 0.6,
    "meanResTime" : 300.8010000000005,
    "medianResTime" : 282.0,
    "minResTime" : 241.0,
    "maxResTime" : 10391.0,
    "pct1ResTime" : 304.0,
    "pct2ResTime" : 312.0,
    "pct3ResTime" : 392.6800000000003,
    "throughput" : 10.610980242354788,
    "receivedKBytesPerSec" : 4.290214122949428,
    "sentKBytesPerSec" : 4.807188541202436
  },
  "Total" : {
    "transaction" : "Total",
    "sampleCount" : 5000,
    "errorCount" : 12,
    "errorPct" : 0.24,
    "meanResTime" : 472.3736000000002,
    "medianResTime" : 279.0,
    "minResTime" : 231.0,
    "maxResTime" : 62132.0,
    "pct1ResTime" : 303.0,
    "pct2ResTime" : 319.0,
    "pct3ResTime" : 1181.9899999999998,
    "throughput" : 51.49277556358843,
    "receivedKBytesPerSec" : 17.98182031467235,
    "sentKBytesPerSec" : 15.837407699199803
  },
  "Create Booking" : {
    "transaction" : "Create Booking",
    "sampleCount" : 1000,
    "errorCount" : 0,
    "errorPct" : 0.0,
    "meanResTime" : 302.269,
    "medianResTime" : 274.0,
    "minResTime" : 231.0,
    "maxResTime" : 5333.0,
    "pct1ResTime" : 296.0,
    "pct2ResTime" : 311.0,
    "pct3ResTime" : 559.9200000000001,
    "throughput" : 10.602879742137965,
    "receivedKBytesPerSec" : 4.575722453718431,
    "sentKBytesPerSec" : 4.4213180174735465
  },
  "DeleteBooking" : {
    "transaction" : "DeleteBooking",
    "sampleCount" : 1000,
    "errorCount" : 6,
    "errorPct" : 0.6,
    "meanResTime" : 286.5380000000002,
    "medianResTime" : 281.0,
    "minResTime" : 238.0,
    "maxResTime" : 901.0,
    "pct1ResTime" : 304.0,
    "pct2ResTime" : 313.94999999999993,
    "pct3ResTime" : 393.0,
    "throughput" : 10.614021121902033,
    "receivedKBytesPerSec" : 2.570832006580693,
    "sentKBytesPerSec" : 2.8184372180650636
  },
  "Get Booking" : {
    "transaction" : "Get Booking",
    "sampleCount" : 1000,
    "errorCount" : 0,
    "errorPct" : 0.0,
    "meanResTime" : 304.42700000000036,
    "medianResTime" : 279.0,
    "minResTime" : 236.0,
    "maxResTime" : 21868.0,
    "pct1ResTime" : 300.0,
    "pct2ResTime" : 309.0,
    "pct3ResTime" : 402.0,
    "throughput" : 10.609404175861485,
    "receivedKBytesPerSec" : 4.2789882076472585,
    "sentKBytesPerSec" : 1.605003925479545
  },
  "Create Token" : {
    "transaction" : "Create Token",
    "sampleCount" : 1000,
    "errorCount" : 0,
    "errorPct" : 0.0,
    "meanResTime" : 1167.8330000000008,
    "medianResTime" : 278.0,
    "minResTime" : 235.0,
    "maxResTime" : 62132.0,
    "pct1ResTime" : 1046.7999999999963,
    "pct2ResTime" : 1152.0,
    "pct3ResTime" : 37760.97,
    "throughput" : 10.407018493271863,
    "receivedKBytesPerSec" : 2.7542011832780027,
    "sentKBytesPerSec" : 2.6119177273153014
  }
}