{
  "Update Booking" : {
    "transaction" : "Update Booking",
    "sampleCount" : 3000,
    "errorCount" : 18,
    "errorPct" : 0.6,
    "meanResTime" : 329.4126666666662,
    "medianResTime" : 303.0,
    "minResTime" : 239.0,
    "maxResTime" : 574.0,
    "pct1ResTime" : 431.0,
    "pct2ResTime" : 459.0,
    "pct3ResTime" : 536.9799999999996,
    "throughput" : 22.46147856426229,
    "receivedKBytesPerSec" : 9.081588162239258,
    "sentKBytesPerSec" : 10.175883321041912
  },
  "Total" : {
    "transaction" : "Total",
    "sampleCount" : 15000,
    "errorCount" : 54,
    "errorPct" : 0.36,
    "meanResTime" : 566.7233333333351,
    "medianResTime" : 279.0,
    "minResTime" : 234.0,
    "maxResTime" : 84219.0,
    "pct1ResTime" : 402.0,
    "pct2ResTime" : 445.0,
    "pct3ResTime" : 1094.0,
    "throughput" : 110.28763013940357,
    "receivedKBytesPerSec" : 38.85696004554879,
    "sentKBytesPerSec" : 33.88927776766808
  },
  "Create Booking" : {
    "transaction" : "Create Booking",
    "sampleCount" : 3000,
    "errorCount" : 0,
    "errorPct" : 0.0,
    "meanResTime" : 380.4283333333331,
    "medianResTime" : 281.0,
    "minResTime" : 234.0,
    "maxResTime" : 43886.0,
    "pct1ResTime" : 349.0,
    "pct2ResTime" : 363.0,
    "pct3ResTime" : 774.909999999998,
    "throughput" : 22.470395254252523,
    "receivedKBytesPerSec" : 9.699135451542594,
    "sentKBytesPerSec" : 9.369979271060378
  },
  "DeleteBooking" : {
    "transaction" : "DeleteBooking",
    "sampleCount" : 3000,
    "errorCount" : 18,
    "errorPct" : 0.6,
    "meanResTime" : 328.1326666666672,
    "medianResTime" : 300.0,
    "minResTime" : 239.0,
    "maxResTime" : 605.0,
    "pct1ResTime" : 428.0,
    "pct2ResTime" : 456.0,
    "pct3ResTime" : 512.9799999999996,
    "throughput" : 22.456266421144818,
    "receivedKBytesPerSec" : 5.439153342615257,
    "sentKBytesPerSec" : 5.962972072825672
  },
  "Get Booking" : {
    "transaction" : "Get Booking",
    "sampleCount" : 3000,
    "errorCount" : 0,
    "errorPct" : 0.0,
    "meanResTime" : 302.8443333333341,
    "medianResTime" : 284.0,
    "minResTime" : 239.0,
    "maxResTime" : 21825.0,
    "pct1ResTime" : 347.0,
    "pct2ResTime" : 362.0,
    "pct3ResTime" : 398.9899999999998,
    "throughput" : 22.465347201941007,
    "receivedKBytesPerSec" : 9.060730853907849,
    "sentKBytesPerSec" : 3.400516422168805
  },
  "Create Token" : {
    "transaction" : "Create Token",
    "sampleCount" : 3000,
    "errorCount" : 18,
    "errorPct" : 0.6,
    "meanResTime" : 1492.7986666666673,
    "medianResTime" : 260.0,
    "minResTime" : 237.0,
    "maxResTime" : 84219.0,
    "pct1ResTime" : 974.0000000000146,
    "pct2ResTime" : 1077.0,
    "pct3ResTime" : 64208.44999999999,
    "throughput" : 22.23853047790602,
    "receivedKBytesPerSec" : 6.229655219383103,
    "sentKBytesPerSec" : 5.547861834789956
  }
}