{
  "Update Booking" : {
    "transaction" : "Update Booking",
    "sampleCount" : 5000,
    "errorCount" : 191,
    "errorPct" : 3.82,
    "meanResTime" : 712.5481999999992,
    "medianResTime" : 444.0,
    "minResTime" : 230.0,
    "maxResTime" : 5307.0,
    "pct1ResTime" : 1266.0,
    "pct2ResTime" : 1315.0,
    "pct3ResTime" : 4259.99,
    "throughput" : 30.956877070241156,
    "receivedKBytesPerSec" : 12.357761614633317,
    "sentKBytesPerSec" : 14.032595173048945
  },
  "Total" : {
    "transaction" : "Total",
    "sampleCount" : 25000,
    "errorCount" : 602,
    "errorPct" : 2.408,
    "meanResTime" : 829.2174800000004,
    "medianResTime" : 273.0,
    "minResTime" : 230.0,
    "maxResTime" : 84197.0,
    "pct1ResTime" : 1219.0,
    "pct2ResTime" : 1284.0,
    "pct3ResTime" : 5267.990000000002,
    "throughput" : 152.48551387618176,
    "receivedKBytesPerSec" : 53.58351679246722,
    "sentKBytesPerSec" : 46.873701490545905
  },
  "Create Booking" : {
    "transaction" : "Create Booking",
    "sampleCount" : 5000,
    "errorCount" : 0,
    "errorPct" : 0.0,
    "meanResTime" : 581.6752000000008,
    "medianResTime" : 361.0,
    "minResTime" : 231.0,
    "maxResTime" : 64142.0,
    "pct1ResTime" : 767.0,
    "pct2ResTime" : 794.0,
    "pct3ResTime" : 4230.229999999634,
    "throughput" : 30.953619097144838,
    "receivedKBytesPerSec" : 13.36918246075081,
    "sentKBytesPerSec" : 12.9074173383602
  },
  "DeleteBooking" : {
    "transaction" : "DeleteBooking",
    "sampleCount" : 5000,
    "errorCount" : 312,
    "errorPct" : 6.24,
    "meanResTime" : 741.3972000000014,
    "medianResTime" : 423.5,
    "minResTime" : 232.0,
    "maxResTime" : 5375.0,
    "pct1ResTime" : 1277.0,
    "pct2ResTime" : 1329.0,
    "pct3ResTime" : 4267.98,
    "throughput" : 30.958602157195397,
    "receivedKBytesPerSec" : 7.505332619221577,
    "sentKBytesPerSec" : 8.228639241730958
  },
  "Get Booking" : {
    "transaction" : "Get Booking",
    "sampleCount" : 5000,
    "errorCount" : 65,
    "errorPct" : 1.3,
    "meanResTime" : 519.7479999999994,
    "medianResTime" : 362.0,
    "minResTime" : 230.0,
    "maxResTime" : 5467.0,
    "pct1ResTime" : 772.0,
    "pct2ResTime" : 795.0,
    "pct3ResTime" : 4259.98,
    "throughput" : 30.954385617354266,
    "receivedKBytesPerSec" : 12.421263409052921,
    "sentKBytesPerSec" : 4.693821465937794
  },
  "Create Token" : {
    "transaction" : "Create Token",
    "sampleCount" : 5000,
    "errorCount" : 34,
    "errorPct" : 0.68,
    "meanResTime" : 1590.7188,
    "medianResTime" : 258.0,
    "minResTime" : 233.0,
    "maxResTime" : 84197.0,
    "pct1ResTime" : 1029.0,
    "pct2ResTime" : 1742.8999999999996,
    "pct3ResTime" : 64154.94,
    "throughput" : 30.680116829884888,
    "receivedKBytesPerSec" : 8.657713249822056,
    "sentKBytesPerSec" : 7.647630325301279
  }
}