{
  "Update Booking" : {
    "transaction" : "Update Booking",
    "sampleCount" : 2000,
    "errorCount" : 14,
    "errorPct" : 0.7,
    "meanResTime" : 289.5210000000004,
    "medianResTime" : 280.0,
    "minResTime" : 235.0,
    "maxResTime" : 1050.0,
    "pct1ResTime" : 336.0,
    "pct2ResTime" : 345.0,
    "pct3ResTime" : 369.0,
    "throughput" : 15.632205469708696,
    "receivedKBytesPerSec" : 6.317899339343916,
    "sentKBytesPerSec" : 7.0817401917680805
  },
  "Total" : {
    "transaction" : "Total",
    "sampleCount" : 10000,
    "errorCount" : 42,
    "errorPct" : 0.42,
    "meanResTime" : 604.2454999999991,
    "medianResTime" : 280.0,
    "minResTime" : 230.0,
    "maxResTime" : 84196.0,
    "pct1ResTime" : 338.0,
    "pct2ResTime" : 353.0,
    "pct3ResTime" : 1442.9899999999998,
    "throughput" : 76.54271849118993,
    "receivedKBytesPerSec" : 27.00494382242855,
    "sentKBytesPerSec" : 23.515821738706123
  },
  "Create Booking" : {
    "transaction" : "Create Booking",
    "sampleCount" : 2000,
    "errorCount" : 0,
    "errorPct" : 0.0,
    "meanResTime" : 416.15650000000034,
    "medianResTime" : 276.0,
    "minResTime" : 230.0,
    "maxResTime" : 43076.0,
    "pct1ResTime" : 335.0,
    "pct2ResTime" : 348.9499999999998,
    "pct3ResTime" : 918.99,
    "throughput" : 15.625732456208887,
    "receivedKBytesPerSec" : 6.744700923480788,
    "sentKBytesPerSec" : 6.515808358204291
  },
  "DeleteBooking" : {
    "transaction" : "DeleteBooking",
    "sampleCount" : 2000,
    "errorCount" : 14,
    "errorPct" : 0.7,
    "meanResTime" : 287.3079999999994,
    "medianResTime" : 279.0,
    "minResTime" : 233.0,
    "maxResTime" : 391.0,
    "pct1ResTime" : 335.0,
    "pct2ResTime" : 345.0,
    "pct3ResTime" : 363.99,
    "throughput" : 15.634038428466456,
    "receivedKBytesPerSec" : 3.7867961751324986,
    "sentKBytesPerSec" : 4.151188357917858
  },
  "Get Booking" : {
    "transaction" : "Get Booking",
    "sampleCount" : 2000,
    "errorCount" : 0,
    "errorPct" : 0.0,
    "meanResTime" : 287.6885000000004,
    "medianResTime" : 279.0,
    "minResTime" : 232.0,
    "maxResTime" : 443.0,
    "pct1ResTime" : 335.9000000000001,
    "pct2ResTime" : 346.0,
    "pct3ResTime" : 365.0,
    "throughput" : 15.627930236919424,
    "receivedKBytesPerSec" : 6.3030617068825405,
    "sentKBytesPerSec" : 2.365555846408702
  },
  "Create Token" : {
    "transaction" : "Create Token",
    "sampleCount" : 2000,
    "errorCount" : 14,
    "errorPct" : 0.7,
    "meanResTime" : 1740.5534999999984,
    "medianResTime" : 284.0,
    "minResTime" : 233.0,
    "maxResTime" : 84196.0,
    "pct1ResTime" : 978.3000000000134,
    "pct2ResTime" : 1402.0,
    "pct3ResTime" : 65158.43000000001,
    "throughput" : 15.440796127448332,
    "receivedKBytesPerSec" : 4.365251791132351,
    "sentKBytesPerSec" : 3.8481509887899823
  }
}